Location,Period,Dentist,Doctor,Nurse,Pharmacists
Afghanistan,2006,0.13,1.6,4.4,0.31
Afghanistan,2007,0.12,1.74,4.96,0.31
Afghanistan,2008,0.14,1.74,4.97,0.3
Afghanistan,2014,0.033,2.98,1.48,0.51
Afghanistan,2015,0.036,2.85,1.3,0.5
Afghanistan,2016,0.034,2.78,1.48,0.47
Albania,1990,3.39,13.74,44.99,3.64
Albania,1993,3.87,14.13,49.49,3.99
Albania,1994,4.1,13.45,51.51,4.13
Albania,2000,4.66,13.82,40.17,3.43
Albania,2001,4.87,13.1,38.32,3.47
Albania,2002,4.29,11.7,36.69,3.49
Albania,2003,4.33,11.86,36.04,3.53
Albania,2006,3.38,11.84,41.61,3.83
Algeria,2002,2.78,11.1,21.9,1.7
Algeria,2007,3.11,11.96,19.29,2.17
Algeria,2018,3.66,17.19,15.48,4.45
Andorra,1995,4.85,22.38,24.57,8.29
Andorra,1997,7.47,24.57,27.06,8.71
Andorra,1998,5.3,25.27,29.17,8.89
Andorra,2000,6.58,25.69,33.18,9.79
Andorra,2001,6.24,26.0,31.8,9.51
Andorra,2002,6.0,29.0,31.29,9.57
Andorra,2003,6.01,33.33,29.37,9.29
Andorra,2004,5.9,31.32,29.1,9.44
Andorra,2005,5.83,32.32,33.71,9.13
Andorra,2006,5.68,30.12,31.98,8.89
Andorra,2007,5.68,30.11,33.86,8.83
Andorra,2009,6.04,31.48,36.81,9.23
Andorra,2015,8.21,33.33,40.13,10.13
Angola,1997,0.001,0.59,9.16,0.016
Angola,2004,0.12,0.62,9.85,0.49
Argentina,1992,6.53,26.48,20.58,3.13
Argentina,1998,8.01,30.17,8.04,4.24
Argentina,2001,9.64,32.48,4.45,5.68
Argentina,2004,9.25,31.86,4.85,5.07
Armenia,2000,2.42,27.01,59.09,0.35
Armenia,2001,1.69,26.19,54.52,0.32
Armenia,2002,1.93,25.63,51.3,0.35
Armenia,2003,2.08,24.56,49.38,0.31
Armenia,2004,2.35,24.6,48.61,0.29
Armenia,2005,3.22,25.64,49.88,0.32
Armenia,2006,3.19,25.9,51.12,0.35
Armenia,2007,3.44,26.72,51.42,0.37
Armenia,2008,4.12,27.43,51.98,0.37
Armenia,2009,4.31,27.68,51.8,0.38
Armenia,2010,4.37,28.42,52.4,0.43
Armenia,2011,4.51,28.68,52.99,0.42
Armenia,2012,4.47,28.97,52.89,0.43
Armenia,2013,4.19,29.03,52.01,0.51
Armenia,2014,3.91,28.93,51.55,0.52
Armenia,2015,3.69,29.14,49.54,0.49
Australia,2005,4.99,27.79,97.63,7.38
Australia,2006,4.87,28.34,5.96,7.94
Australia,2009,5.27,31.09,107.5,10.71
Australia,2010,5.18,33.43,104.0,8.68
Australia,2011,5.35,32.88,108.1,6.75
Australia,2012,5.57,32.86,101.4,7.47
Australia,2013,5.61,33.53,119.4,8.23
Australia,2014,5.71,34.31,121.1,8.33
Australia,2015,5.78,34.89,122.0,8.47
Australia,2016,5.86,35.67,124.1,8.64
Australia,2017,5.95,36.78,125.5,8.81
Austria,1990,3.59,29.91,40.25,4.51
Austria,1991,3.72,30.81,41.56,4.61
Austria,1992,3.83,32.17,43.51,4.78
Austria,1993,3.99,33.02,46.03,4.91
Austria,1994,4.12,34.03,49.15,5.05
Austria,1995,4.23,34.93,51.02,5.1
Austria,1996,4.38,35.62,52.09,5.21
Austria,1997,4.5,36.38,53.3,5.31
Austria,1998,4.51,37.64,54.16,5.39
Austria,1999,4.55,37.61,55.68,5.51
Austria,2000,4.61,38.49,56.94,5.62
Austria,2001,4.79,39.62,57.42,5.66
Austria,2002,4.86,40.34,58.43,5.78
Austria,2003,4.94,41.17,58.49,5.96
Austria,2004,5.01,42.1,60.96,6.08
Austria,2005,5.13,43.36,61.79,6.15
Austria,2006,5.39,44.68,63.42,6.27
Austria,2007,5.4,45.53,64.12,6.33
Austria,2008,5.45,46.17,65.63,6.39
Austria,2009,5.52,47.06,66.73,6.51
Austria,2010,5.57,48.02,67.21,6.63
Austria,2011,5.61,48.4,68.07,6.74
Austria,2012,5.64,48.86,68.29,6.85
Austria,2013,5.67,49.74,68.74,6.92
Austria,2014,5.68,50.36,69.81,6.96
Austria,2015,5.65,51.04,70.14,7.03
Austria,2016,5.66,51.23,70.18,7.08
Austria,2017,5.68,51.7,70.9,7.08
Azerbaijan,1990,2.99,37.96,111.8,6.24
Azerbaijan,1991,3.02,38.23,112.8,6.05
Azerbaijan,1992,3.07,37.71,108.6,6.13
Azerbaijan,1993,3.11,38.02,109.1,5.87
Azerbaijan,1994,3.21,37.51,105.4,5.84
Azerbaijan,1995,3.21,37.58,101.5,5.76
Azerbaijan,1996,3.16,37.17,98.66,5.96
Azerbaijan,1997,3.06,36.43,94.13,5.8
Azerbaijan,1998,2.85,35.64,89.81,3.28
Azerbaijan,1999,2.78,35.37,88.8,3.09
Azerbaijan,2000,2.75,35.74,86.61,2.92
Azerbaijan,2001,2.75,35.48,85.51,2.61
Azerbaijan,2002,2.81,35.62,83.52,2.75
Azerbaijan,2003,2.72,35.51,82.92,2.2
Azerbaijan,2004,2.75,35.57,81.92,2.05
Azerbaijan,2005,2.8,35.82,82.42,2.04
Azerbaijan,2006,2.82,35.65,82.58,1.94
Azerbaijan,2007,2.89,37.12,82.34,1.84
Azerbaijan,2008,2.82,36.84,81.61,1.7
Azerbaijan,2009,2.75,36.75,81.08,1.85
Azerbaijan,2010,2.73,36.63,73.51,2.03
Azerbaijan,2011,2.63,34.38,69.59,1.81
Azerbaijan,2012,2.66,34.9,68.0,1.8
Azerbaijan,2013,2.61,34.56,72.63,2.08
Azerbaijan,2014,2.74,34.46,64.34,2.0
Bahamas,2008,2.3,27.55,40.47,4.02
Bahamas,2011,2.34,23.08,40.55,5.62
Bahrain,2005,1.1,10.44,26.87,1.84
Bahrain,2006,1.08,10.14,27.18,1.8
Bahrain,2008,1.07,9.9,25.62,1.67
Bahrain,2009,1.0,9.7,25.23,1.57
Bahrain,2010,0.98,9.49,24.6,1.58
Bahrain,2011,0.99,9.45,24.97,1.51
Bahrain,2012,1.07,9.57,24.8,1.58
Bahrain,2013,1.02,9.54,25.04,1.48
Bahrain,2014,0.98,9.57,24.92,1.64
Bahrain,2015,0.98,9.26,24.94,1.62
Bangladesh,2008,0.23,3.42,1.62,0.55
Bangladesh,2009,0.26,3.54,1.71,0.57
Bangladesh,2010,0.29,3.64,1.83,0.83
Bangladesh,2011,0.32,3.84,1.93,0.62
Bangladesh,2012,0.32,4.0,2.07,0.61
Bangladesh,2014,0.41,4.89,2.56,0.79
Bangladesh,2015,0.42,4.86,2.75,0.78
Bangladesh,2017,0.51,5.43,3.16,1.61
Bangladesh,2018,0.6,5.81,4.12,1.81
Barbados,1995,1.88,13.46,51.13,6.35
Barbados,2001,2.2,15.41,57.98,6.79
Barbados,2005,3.0,17.7,47.45,9.08
Belarus,1990,3.19,29.11,75.22,3.21
Belarus,1991,3.23,28.96,71.49,3.39
Belarus,1992,3.29,29.41,73.86,3.49
Belarus,1993,3.48,29.57,77.53,3.5
Belarus,1994,3.61,30.19,74.6,3.52
Belarus,1995,3.67,30.5,78.8,2.48
Belarus,1996,3.87,31.18,79.52,2.62
Belarus,1997,3.99,31.61,80.4,3.01
Belarus,1998,4.15,32.26,94.23,3.14
Belarus,1999,4.53,32.9,96.5,3.2
Belarus,2000,4.54,33.0,96.65,3.24
Belarus,2001,4.48,32.8,97.78,3.06
Belarus,2002,4.49,32.99,98.95,2.94
Belarus,2003,4.46,33.18,97.85,3.0
Belarus,2004,4.63,33.02,99.29,3.01
Belarus,2005,4.76,33.15,100.4,3.03
Belarus,2006,4.88,33.8,100.9,3.08
Belarus,2007,5.05,35.31,101.0,3.16
Belarus,2008,5.41,31.48,103.7,3.17
Belarus,2009,5.49,32.85,105.0,3.24
Belarus,2010,5.4,32.5,106.1,2.9
Belarus,2011,5.44,47.61,106.0,3.29
Belarus,2012,5.52,48.35,109.2,3.43
Belarus,2013,5.51,48.53,108.5,3.46
Belarus,2014,5.74,50.12,109.8,3.44
Belarus,2015,5.92,51.91,110.0,3.63
Belgium,2004,7.36,28.52,91.81,11.09
Belgium,2005,7.3,28.52,94.05,11.27
Belgium,2006,7.3,28.66,95.32,11.4
Belgium,2007,7.18,28.86,96.54,11.5
Belgium,2008,7.11,29.02,97.55,11.69
Belgium,2009,7.05,29.08,98.82,11.46
Belgium,2010,7.02,29.09,100.9,11.55
Belgium,2011,7.06,29.22,103.9,11.66
Belgium,2012,7.1,29.39,106.3,11.75
Belgium,2013,7.14,29.59,109.1,11.91
Belgium,2014,7.23,29.72,111.9,12.04
Belgium,2015,7.35,30.14,118.1,12.09
Belgium,2016,7.47,30.68,119.8,12.22
Belgium,2017,7.46,30.71,189.7,12.33
Belize,2009,0.38,7.66,18.11,3.56
Belize,2017,1.54,11.23,1853.0,6.76
Benin,2004,0.014,0.4,7.47,0.014
Benin,2008,0.043,0.62,8.2,0.023
Benin,2016,0.008,0.48,7.6,0.012
Benin,2018,0.01,0.79,3.89,0.27
Bhutan,2004,0.16,1.85,8.06,0.11
Bhutan,2007,0.11,2.17,8.2,0.15
Bhutan,2017,0.9,4.02,16.35,0.5
Bhutan,2018,0.8,4.24,18.52,0.57
Bolivia (Plurinational State of),2007,0.63,3.32,6.08,0.35
Bolivia (Plurinational State of),2010,0.97,4.39,8.33,0.56
Bolivia (Plurinational State of),2011,1.11,4.67,9.93,0.65
Bolivia (Plurinational State of),2016,2.2,15.9,11.18,2.25
Bosnia and Herzegovina,1990,3.16,15.76,50.45,1.83
Bosnia and Herzegovina,1991,3.08,16.08,50.22,1.86
Bosnia and Herzegovina,2000,1.93,14.55,44.69,1.01
Bosnia and Herzegovina,2001,1.81,14.5,43.97,0.93
Bosnia and Herzegovina,2002,1.83,14.48,44.66,0.99
Bosnia and Herzegovina,2003,1.22,14.78,48.34,0.97
Bosnia and Herzegovina,2004,1.92,15.09,48.09,0.98
Bosnia and Herzegovina,2005,1.92,15.33,48.69,0.88
Bosnia and Herzegovina,2006,2.05,15.75,49.39,0.92
Bosnia and Herzegovina,2007,1.99,16.43,50.22,0.97
Bosnia and Herzegovina,2008,1.8,16.71,51.9,0.96
Bosnia and Herzegovina,2009,1.82,17.38,53.1,0.97
Bosnia and Herzegovina,2010,2.15,17.99,54.87,1.0
Bosnia and Herzegovina,2011,2.21,18.79,56.09,1.07
Bosnia and Herzegovina,2012,2.43,19.49,58.92,1.17
Bosnia and Herzegovina,2013,2.28,20.36,59.01,1.21
Bosnia and Herzegovina,2014,2.37,21.33,61.32,1.27
Bosnia and Herzegovina,2015,2.4,21.62,61.8,1.29
Botswana,2004,0.22,4.05,26.92,0.79
Botswana,2008,0.094,3.74,29.32,0.69
Botswana,2009,0.28,3.55,29.77,0.55
Botswana,2011,0.27,4.06,28.86,2.13
Brazil,1997,6.14,12.91,20.56,3.36
Brazil,2000,8.78,11.34,37.71,2.61
Brazil,2001,8.72,13.9,29.9,3.77
Brazil,2005,11.17,16.66,5.45,5.36
Brazil,2006,11.54,17.01,5.44,5.53
Brazil,2007,11.56,17.31,9.39,5.48
Brazil,2008,11.83,17.8,9.3,5.42
Brazil,2010,11.4,18.14,14.67,5.5
Brazil,2017,12.45,21.65,97.37,6.83
Brunei Darussalam,2002,2.02,11.53,61.13,0.87
Brunei Darussalam,2004,1.89,12.88,53.56,1.14
Brunei Darussalam,2005,2.0,10.68,54.94,1.12
Brunei Darussalam,2006,2.03,10.78,53.2,1.11
Brunei Darussalam,2007,2.16,10.48,51.07,1.12
Brunei Darussalam,2008,2.16,14.87,51.16,1.19
Brunei Darussalam,2009,1.88,11.59,51.21,1.09
Brunei Darussalam,2010,2.21,14.49,74.81,1.11
Brunei Darussalam,2011,2.41,15.44,79.71,1.22
Brunei Darussalam,2012,2.36,14.94,83.03,1.28
Brunei Darussalam,2015,2.27,17.81,66.43,1.71
Bulgaria,1990,6.91,32.23,69.39,4.94
Bulgaria,1991,6.73,30.52,65.85,3.69
Bulgaria,1992,6.58,31.16,65.99,3.07
Bulgaria,1993,6.68,33.18,68.73,2.77
Bulgaria,1994,6.54,33.15,67.84,2.45
Bulgaria,1995,6.54,34.69,68.85,2.25
Bulgaria,1996,6.62,35.69,69.55,2.19
Bulgaria,1997,6.38,34.9,64.98,1.93
Bulgaria,1998,5.95,34.99,65.34,1.88
Burkina Faso,2004,0.045,0.54,5.03,0.17
Burkina Faso,2010,0.021,0.46,5.54,0.12
Burkina Faso,2012,0.023,0.48,6.31,0.12
Burundi,2004,0.02,0.28,1.89,0.1
Burundi,2010,0.002,0.48,6.89,0.027
Burundi,2011,0.002,0.4,6.67,0.026
Cabo Verde,2009,0.062,5.16,10.19,0.062
Cabo Verde,2010,0.081,5.93,11.02,0.081
Cabo Verde,2011,0.06,5.85,10.88,0.06
Cambodia,1996,0.058,1.14,10.59,0.3
Cambodia,1998,0.059,1.48,10.08,0.36
Cambodia,2000,0.17,1.68,9.15,0.46
Cambodia,2008,0.19,2.44,8.45,0.41
Cambodia,2009,0.17,2.38,8.54,0.39
Cambodia,2010,0.17,2.3,8.56,0.38
Cambodia,2011,0.2,2.26,8.73,0.4
Cambodia,2012,0.15,1.65,9.23,0.33
Cambodia,2013,0.16,4.76,12.94,0.35
Cambodia,2014,0.17,1.93,9.62,0.34
Cameroon,2005,0.015,0.59,3.78,0.015
Cameroon,2007,0.021,0.7,4.39,0.02
Cameroon,2009,0.016,0.68,3.85,0.014
Cameroon,2010,0.029,0.84,5.27,0.021
Cameroon,2011,0.028,0.88,9.16,0.077
Canada,2016,6.39,23.11,98.8,11.24
Central African Republic,2004,0.015,0.84,4.07,0.043
Central African Republic,2008,0.012,0.41,1.95,0.019
Central African Republic,2009,0.009,0.47,2.53,0.023
Chad,2004,0.007,0.35,2.57,0.032
Chile,2010,5.61,14.33,12.67,2.64
Chile,2011,5.94,15.85,15.38,2.69
Chile,2012,7.07,17.47,18.49,3.0
Chile,2013,8.19,18.81,5.63,3.45
Chile,2014,9.08,20.28,92.31,4.13
Chile,2015,10.04,21.47,109.8,4.43
Chile,2016,10.5,22.94,112.4,4.7
Chile,2017,11.86,24.41,121.4,4.94
Chile,2018,12.55,25.91,133.2,5.26
China,2005,0.38,12.13,10.09,2.61
China,2011,0.86,14.64,16.21,2.63
China,2017,4.46,19.8,26.62,3.17
Comoros,2004,0.29,1.93,9.85,0.25
Comoros,2005,0.28,1.9,5.63,0.25
Comoros,2009,0.31,1.9,7.03,0.27
Comoros,2012,0.25,1.7,9.21,0.22
Congo,2011,0.3,1.65,17.9,0.57
Cook Islands,2001,5.56,7.78,28.89,1.11
Cook Islands,2004,5.29,10.58,42.33,1.06
Cook Islands,2009,2.15,12.9,62.37,0.54
Cook Islands,2014,12.43,14.12,65.54,0.57
Costa Rica,2000,3.7,13.13,9.22,2.89
Costa Rica,2013,1.26,11.41,21.67,1.88
Costa Rica,2015,1.45,13.79,26.58,7.26
Costa Rica,2016,1.4,13.76,30.05,7.3
Croatia,1990,4.74,29.69,50.57,3.89
Croatia,1991,4.36,26.75,45.73,3.63
Croatia,1992,4.29,27.17,47.08,3.69
Croatia,1993,5.7,27.46,46.33,3.84
Croatia,1994,5.56,27.41,45.31,3.68
Croatia,1995,5.79,27.19,41.74,3.84
Croatia,1996,6.05,27.25,43.45,4.03
Croatia,1997,6.26,27.46,45.96,4.38
Croatia,1998,6.59,25.97,47.51,4.56
Croatia,1999,6.55,25.01,48.71,4.66
Croatia,2000,6.72,23.57,50.04,4.84
Croatia,2001,6.85,23.94,50.33,5.07
Croatia,2002,6.89,24.09,50.7,5.21
Croatia,2003,7.03,24.65,50.97,5.35
Croatia,2004,7.28,25.3,52.01,5.51
Croatia,2005,7.35,25.35,52.48,5.67
Croatia,2006,7.39,25.74,53.43,5.83
Croatia,2007,7.48,27.05,54.68,5.98
Croatia,2008,7.56,27.11,56.83,6.07
Croatia,2009,7.59,27.21,55.75,6.16
Croatia,2010,7.3,28.43,57.76,6.59
Croatia,2011,7.33,28.96,59.09,6.89
Croatia,2012,7.5,29.73,60.22,6.99
Croatia,2013,7.54,30.18,61.76,6.97
Croatia,2014,7.82,31.26,61.42,7.11
Croatia,2015,7.91,31.73,61.92,7.19
Cyprus,1990,5.58,15.63,32.33,1.25
Cyprus,1991,5.89,16.15,31.62,1.23
Cyprus,1992,6.02,17.09,31.53,1.21
Cyprus,1993,6.08,17.6,32.41,1.23
Cyprus,1994,6.3,18.25,32.57,1.24
Cyprus,1995,6.35,18.79,32.98,1.38
Cyprus,1996,6.38,18.83,32.63,1.25
Cyprus,1997,6.43,18.91,32.55,1.27
Cyprus,1998,6.46,18.94,32.32,1.24
Cyprus,2000,6.56,19.08,31.07,1.27
Cyprus,2001,6.6,19.15,30.86,1.35
Cyprus,2002,6.65,18.78,30.65,1.47
Cyprus,2003,6.75,18.62,30.89,1.08
Cyprus,2004,6.9,19.12,32.14,1.44
Cyprus,2005,7.08,18.97,30.13,1.56
Cyprus,2006,6.84,18.37,33.26,1.53
Cyprus,2007,6.8,20.15,33.75,1.58
Cyprus,2008,6.87,20.51,33.0,1.55
Cyprus,2009,6.89,21.06,34.65,1.63
Cyprus,2010,6.94,21.56,35.47,1.63
Cyprus,2011,6.96,22.48,36.88,1.69
Cyprus,2012,7.19,22.96,36.18,1.72
Cyprus,2013,7.25,24.08,38.65,1.64
Cyprus,2014,7.28,24.99,39.13,1.63
Cyprus,2015,7.55,26.24,40.35,6.46
Czechia,1990,5.44,27.11,77.71,3.83
Czechia,1991,5.47,26.65,77.17,3.64
Czechia,1992,5.47,26.7,77.53,3.51
Czechia,1993,5.69,28.56,77.19,3.31
Czechia,1994,5.92,29.25,77.16,3.38
Czechia,1995,6.03,29.87,78.74,3.63
Czechia,1996,6.06,29.74,78.2,3.93
Czechia,1997,6.26,31.02,77.85,4.26
Czechia,1998,6.19,30.22,77.71,4.42
Czechia,1999,6.24,30.71,78.12,4.64
Czechia,2000,6.47,33.63,80.39,4.92
Czechia,2001,6.52,34.29,82.86,5.06
Czechia,2002,6.53,34.87,84.31,5.26
Czechia,2003,6.58,35.12,84.14,5.48
Czechia,2004,6.68,35.07,85.05,5.54
Czechia,2005,6.73,34.91,84.96,5.62
Czechia,2006,6.73,35.53,84.38,5.67
Czechia,2007,6.71,35.54,83.99,5.59
Czechia,2008,6.69,35.42,83.52,5.62
Czechia,2009,6.76,35.03,84.74,5.64
Czechia,2010,6.89,35.17,84.69,5.75
Czechia,2011,7.03,35.61,84.05,5.89
Czechia,2012,7.05,36.5,84.26,5.98
Czechia,2013,7.02,36.63,83.53,6.03
Czechia,2014,7.47,39.35,82.88,6.35
Czechia,2015,7.98,39.52,83.71,6.57
Czechia,2016,7.49,40.19,84.01,6.75
Czechia,2017,7.44,40.68,83.96,6.87
Côte d’Ivoire,2004,0.19,1.16,5.67,0.44
Côte d’Ivoire,2005,0.11,0.93,4.9,0.07
Côte d’Ivoire,2008,0.14,1.4,4.71,0.21
Côte d’Ivoire,2014,0.22,2.31,6.26,1.07
Democratic People's Republic of Korea,2003,1.68,31.69,39.68,3.1
Democratic People's Republic of Korea,2008,1.78,32.88,41.45,3.55
Democratic People's Republic of Korea,2017,2.2,36.83,44.49,3.97
Democratic Republic of the Congo,2009,0.007,0.93,4.1,0.045
Democratic Republic of the Congo,2016,0.019,0.74,0.23,0.051
Denmark,1992,8.46,25.97,88.99,3.56
Denmark,1993,8.42,26.14,89.77,3.66
Denmark,1994,8.54,26.41,89.12,3.97
Denmark,1995,8.54,26.83,89.5,4.04
Denmark,1996,8.58,27.04,90.43,3.89
Denmark,1997,8.63,27.8,92.91,4.14
Denmark,1998,8.74,28.57,94.0,4.21
Denmark,1999,8.62,28.83,93.58,4.29
Denmark,2000,8.58,29.12,95.41,4.08
Denmark,2001,8.6,29.33,95.78,4.35
Denmark,2002,8.52,30.38,96.93,4.39
Denmark,2003,8.53,30.83,95.34,4.48
Denmark,2004,8.57,32.28,96.89,4.36
Denmark,2005,8.56,33.33,98.28,4.61
Denmark,2006,8.5,34.19,97.9,4.6
Denmark,2007,8.39,34.53,95.41,4.56
Denmark,2008,8.21,35.77,98.17,4.52
Denmark,2009,8.06,36.49,100.7,4.54
Denmark,2010,8.18,37.21,101.0,4.73
Denmark,2011,8.0,37.81,101.4,4.82
Denmark,2012,7.94,38.24,102.3,4.97
Denmark,2013,7.79,38.34,102.3,5.05
Denmark,2014,7.67,38.63,102.2,5.08
Denmark,2015,7.6,39.26,102.4,5.15
Denmark,2016,7.44,40.1,103.2,5.22
Djibouti,1999,0.086,1.33,7.04,0.11
Djibouti,2004,0.13,1.67,3.84,0.23
Djibouti,2014,0.21,2.24,7.29,2.34
Dominican Republic,2000,8.26,18.5,18.12,3.93
Ecuador,1990,1.48,9.56,15.98,0.22
Ecuador,1991,1.58,11.65,16.65,0.25
Ecuador,1992,1.7,11.99,16.88,0.25
Ecuador,1993,1.41,11.08,14.43,0.24
Ecuador,1994,1.56,12.73,16.39,0.24
Ecuador,1996,1.55,13.15,16.99,0.28
Ecuador,1997,1.59,13.28,17.07,0.3
Ecuador,1998,1.55,13.13,16.33,0.32
Ecuador,1999,1.61,13.72,16.53,0.34
Ecuador,2000,1.63,14.46,16.23,0.38
Ecuador,2001,1.64,15.44,15.83,0.38
Ecuador,2002,1.7,15.67,16.27,0.38
Ecuador,2003,1.66,14.97,15.24,0.37
Ecuador,2009,2.28,15.98,18.79,0.45
Ecuador,2011,2.74,16.58,20.75,0.53
Ecuador,2015,5.28,20.65,25.12,0.42
Egypt,2014,1.63,11.38,19.55,3.26
Egypt,2015,1.83,8.22,19.41,3.96
Egypt,2016,1.86,8.21,19.25,4.04
Egypt,2017,1.98,7.99,19.27,4.36
Egypt,2018,20.02,4.52,19.26,4.57
Equatorial Guinea,2004,0.07,2.13,3.78,0.17
Eritrea,2004,0.059,0.79,9.21,0.063
Estonia,1990,5.19,35.13,88.23,5.92
Estonia,1991,5.37,35.65,71.88,5.3
Estonia,1992,5.59,32.9,70.31,4.58
Estonia,1995,6.48,32.0,69.42,5.05
Estonia,1996,7.07,31.44,67.13,5.08
Estonia,1997,7.4,32.16,65.29,5.46
Estonia,1998,7.43,30.79,64.38,5.53
Estonia,1999,7.55,31.39,63.31,5.73
Estonia,2000,7.53,31.24,144.9,5.83
Estonia,2001,8.06,30.5,61.1,5.74
Estonia,2002,7.8,30.87,63.04,5.45
Estonia,2003,8.21,31.15,64.21,5.65
Estonia,2004,8.18,31.79,65.38,6.19
Estonia,2005,8.78,31.43,65.76,6.26
Estonia,2006,8.85,31.76,65.99,6.0
Estonia,2007,8.66,32.51,66.84,6.49
Estonia,2008,9.23,33.35,67.0,6.43
Estonia,2009,8.95,32.77,64.4,6.41
Estonia,2010,8.99,32.42,63.99,6.32
Estonia,2011,8.88,32.93,65.26,6.27
Estonia,2012,9.04,32.82,64.58,6.4
Estonia,2013,9.02,33.32,59.58,6.58
Estonia,2014,9.29,33.56,60.72,6.71
Estonia,2015,9.42,34.15,63.52,7.21
Estonia,2016,9.55,34.55,64.33,7.32
Estonia,2017,9.59,34.63,65.27,7.25
Estonia,2018,13.78,44.83,111.6,10.89
Eswatini,2004,0.17,1.67,66.53,0.45
Eswatini,2009,0.12,1.64,15.38,0.19
Eswatini,2011,0.43,1.02,12.05,0.28
Ethiopia,2003,0.008,0.27,2.15,0.024
Ethiopia,2018,0.16,0.77,7.14,0.36
Fiji,2003,0.74,4.66,20.34,1.1
Fiji,2009,2.0,4.36,22.93,0.89
Fiji,2015,0.74,8.6,30.18,1.09
Finland,1999,9.32,27.59,150.2,14.62
Finland,2000,8.5,28.54,109.7,9.65
Finland,2001,8.77,28.56,147.0,13.4
Finland,2002,8.94,28.92,150.4,13.43
Finland,2004,8.13,29.51,124.5,10.6
Finland,2005,8.05,29.91,129.0,10.32
Finland,2006,7.85,30.26,135.2,10.5
Finland,2007,7.81,30.35,137.5,10.69
Finland,2008,7.53,30.62,135.1,10.99
Finland,2009,7.43,30.86,139.3,10.94
Finland,2010,7.89,32.65,142.6,11.08
Finland,2011,7.78,31.22,144.9,11.13
Finland,2012,7.4,32.85,146.2,11.56
Finland,2013,7.26,32.97,146.0,11.07
Finland,2014,7.3,33.92,146.8,10.88
France,2000,7.21,33.55,71.14,10.39
France,2001,7.18,33.87,73.13,10.62
France,2002,7.17,34.11,74.89,10.87
France,2003,7.15,34.24,76.82,11.0
France,2004,7.13,34.4,78.87,11.31
France,2005,7.13,34.41,81.18,11.56
France,2006,7.09,34.36,83.2,11.67
France,2007,7.05,34.19,81.85,11.88
France,2008,6.96,34.16,84.74,11.97
France,2009,6.89,33.69,87.69,12.06
France,2010,6.86,33.74,90.12,11.66
France,2011,6.57,31.62,92.86,10.87
France,2012,6.57,31.75,96.88,10.94
France,2013,6.59,31.95,99.82,10.91
France,2014,6.59,32.12,102.8,10.93
France,2015,6.61,32.24,106.0,10.9
France,2016,6.65,32.38,108.9,10.83
France,2017,6.66,32.57,111.6,10.7
France,2018,6.67,32.67,114.7,10.64
Gabon,2004,0.1,2.92,50.07,0.24
Gabon,2016,0.045,3.56,25.44,0.23
Gabon,2017,0.18,6.82,29.46,0.59
Gambia,2003,0.048,1.08,12.97,0.12
Gambia,2005,0.065,1.08,4.74,0.071
Gambia,2006,0.063,1.1,4.73,0.069
Gambia,2007,0.067,0.97,7.7,0.079
Gambia,2008,0.071,1.04,8.35,0.077
Gambia,2015,0.081,1.02,15.45,0.024
Georgia,1996,3.56,30.64,46.51,0.93
Georgia,1997,3.63,36.52,48.61,1.05
Georgia,1998,3.5,38.04,49.26,1.07
Georgia,1999,3.87,38.72,50.0,1.09
Georgia,2000,3.45,38.37,47.01,0.98
Georgia,2001,3.11,37.16,43.07,0.92
Georgia,2002,3.3,38.07,42.64,0.89
Georgia,2003,3.32,38.27,42.33,0.88
Georgia,2004,3.01,38.01,41.65,0.89
Georgia,2005,3.25,38.16,41.41,0.81
Georgia,2006,2.96,38.68,39.94,0.81
Georgia,2007,2.88,39.03,39.07,0.79
Georgia,2008,2.82,40.0,39.37,0.77
Georgia,2009,2.63,42.22,38.96,0.84
Georgia,2010,3.07,44.47,39.5,0.86
Georgia,2011,4.27,45.0,39.36,0.82
Georgia,2012,4.94,44.87,37.22,0.75
Georgia,2013,4.98,45.15,37.84,0.85
Georgia,2014,5.33,47.75,38.2,0.76
Georgia,2015,6.14,50.06,40.17,0.78
Georgia,2016,6.39,59.97,40.0,1.08
Georgia,2017,6.16,61.3,48.56,1.24
Georgia,2018,7.62,71.2,47.29,0.99
Germany,2000,7.55,32.79,102.9,5.89
Germany,2001,7.61,33.29,103.9,5.86
Germany,2002,7.64,33.6,105.1,5.93
Germany,2003,7.72,33.9,107.2,5.88
Germany,2004,7.77,34.1,108.3,5.86
Germany,2005,7.8,34.31,109.9,5.89
Germany,2006,7.84,34.75,111.2,5.98
Germany,2007,7.92,35.29,112.9,6.09
Germany,2008,8.01,35.86,115.2,6.16
Germany,2009,8.12,36.64,118.2,6.17
Germany,2010,8.22,37.57,119.1,6.26
Germany,2011,8.28,38.49,120.6,6.27
Germany,2012,8.38,39.2,121.5,6.23
Germany,2013,8.42,40.09,125.3,6.34
Germany,2014,8.5,40.85,127.6,6.39
Germany,2015,8.56,41.34,129.1,6.43
Germany,2016,8.55,41.94,131.4,6.38
Germany,2017,8.52,42.49,132.4,6.47
Ghana,2008,0.019,0.79,9.69,0.23
Greece,2010,13.47,39.44,37.64,10.25
Greece,2011,13.41,40.41,38.02,10.37
Greece,2012,13.18,41.34,36.69,10.39
Greece,2013,12.95,42.16,36.11,10.67
Greece,2014,12.85,52.17,35.36,10.82
Greece,2015,12.48,52.53,35.01,10.6
Greece,2016,12.46,54.04,35.53,10.65
Greece,2017,12.55,54.79,36.33,10.65
Guatemala,2018,0.1,3.55,0.74,0.039
Guinea,2000,0.022,0.93,4.62,0.17
Guinea,2016,0.043,0.83,1.24,0.091
Guinea-Bissau,2008,0.014,0.54,6.59,0.076
Guinea-Bissau,2009,0.047,0.84,7.02,0.061
Guyana,2009,0.39,2.15,13.23,0.2
Guyana,2018,0.36,8.02,10.4,0.09
Haiti,2011,0.05,1.38,11.86,0.084
Haiti,2018,0.21,2.34,6.8,0.3
Honduras,2000,1.74,5.59,12.97,0.53
Hungary,1990,2.28,31.69,54.45,3.27
Hungary,1991,2.35,32.67,50.84,3.23
Hungary,1992,3.25,33.35,53.7,3.28
Hungary,1993,3.36,32.91,56.91,3.15
Hungary,1994,3.51,33.43,56.94,3.19
Hungary,1995,3.49,33.47,55.7,3.31
Hungary,1996,3.56,33.9,56.37,3.97
Hungary,1997,3.71,34.42,55.45,4.62
Hungary,1998,4.38,35.16,56.83,4.66
Hungary,1999,4.5,35.5,55.85,4.65
Hungary,2000,3.23,30.03,54.78,4.8
Hungary,2001,3.57,32.46,57.17,4.93
Hungary,2002,4.76,36.68,58.81,4.99
Hungary,2003,5.28,37.71,59.65,5.05
Hungary,2004,5.09,33.35,59.68,5.1
Hungary,2005,4.47,27.82,61.47,5.27
Hungary,2006,4.97,30.41,64.03,5.33
Hungary,2007,4.0,28.12,61.28,5.47
Hungary,2008,5.07,31.05,63.49,5.78
Hungary,2009,4.94,30.4,64.24,5.75
Hungary,2010,5.3,28.9,64.31,5.86
Hungary,2011,5.29,29.81,64.33,5.8
Hungary,2012,5.69,31.06,65.34,5.76
Hungary,2013,6.06,32.28,66.36,7.65
Hungary,2014,6.33,33.44,66.25,7.75
Hungary,2015,6.07,31.18,66.85,7.2
Hungary,2016,6.24,32.31,66.43,7.54
Hungary,2017,6.77,33.45,68.04,7.77
Hungary,2018,7.08,34.08,69.16,8.08
Iceland,2007,9.63,36.89,150.9,5.24
Iceland,2008,9.68,37.18,160.1,5.28
Iceland,2009,9.3,36.76,162.0,5.16
Iceland,2010,9.34,35.65,152.2,4.84
Iceland,2011,8.75,34.56,154.7,4.85
Iceland,2012,8.29,35.07,157.2,4.58
Iceland,2013,8.31,35.7,161.0,4.68
Iceland,2014,8.34,36.31,161.0,4.66
Iceland,2015,8.42,37.83,163.1,4.85
Iceland,2016,8.37,38.89,151.6,5.0
Iceland,2017,8.34,39.77,157.1,5.11
India,1991,0.15,12.21,3.75,1.99
India,2003,0.43,5.63,12.44,5.03
India,2004,0.49,5.72,12.59,1.15
India,2006,0.67,5.85,7.8,4.96
India,2009,0.86,6.22,8.57,5.39
India,2011,0.94,7.38,9.91,5.26
India,2012,0.96,6.98,11.11,4.98
India,2016,1.49,7.59,14.95,5.6
India,2017,1.88,7.78,21.08,6.79
India,2018,2.01,8.57,17.27,8.87
Indonesia,2003,0.24,1.34,8.17,0.062
Indonesia,2009,0.23,1.45,9.99,0.084
Indonesia,2015,0.49,2.74,12.99,1.17
Indonesia,2017,0.55,3.77,20.53,1.73
Indonesia,2018,0.57,4.27,24.15,0.85
Iran (Islamic Republic of),2004,1.54,8.82,13.96,1.4
Iran (Islamic Republic of),2005,1.89,8.87,14.05,1.99
Iran (Islamic Republic of),2006,1.35,5.36,16.89,1.02
Iran (Islamic Republic of),2014,3.59,15.04,15.64,2.29
Iran (Islamic Republic of),2015,3.34,11.53,18.91,2.02
Iran (Islamic Republic of),2017,3.27,11.29,26.29,2.36
Iran (Islamic Republic of),2018,4.47,15.84,4.43,2.93
Iraq,2014,2.29,10.36,18.78,2.5
Iraq,2016,2.44,8.54,17.15,2.64
Iraq,2017,2.54,8.38,18.13,2.91
Ireland,2000,5.02,22.3,140.3,8.05
Ireland,2001,5.22,23.86,148.5,8.24
Ireland,2002,5.38,24.17,153.7,8.05
Ireland,2003,5.46,25.8,148.2,8.51
Ireland,2004,5.51,27.45,123.7,8.79
Ireland,2005,5.62,35.43,122.7,9.18
Ireland,2006,5.71,36.64,126.7,9.71
Ireland,2007,5.87,38.99,129.3,10.34
Ireland,2008,6.15,40.14,128.4,10.11
Ireland,2009,6.01,40.39,126.2,9.9
Ireland,2010,5.98,41.33,128.5,10.03
Ireland,2011,5.81,40.94,125.6,10.44
Ireland,2012,5.77,39.42,125.9,10.86
Ireland,2013,5.74,39.31,123.1,11.37
Ireland,2014,5.96,30.29,158.5,11.76
Ireland,2015,6.08,31.5,163.7,11.16
Ireland,2016,6.28,32.32,155.7,11.47
Ireland,2017,6.55,32.95,161.0,11.62
Israel,1996,8.97,43.53,55.56,6.64
Israel,1997,9.58,43.83,54.97,6.41
Israel,1998,10.18,43.79,55.97,5.91
Israel,1999,9.73,44.05,57.11,6.35
Israel,2000,8.41,38.22,60.24,6.73
Israel,2001,8.47,38.4,61.16,6.93
Israel,2002,9.19,38.51,60.5,6.65
Israel,2003,9.82,38.51,59.19,6.32
Israel,2004,9.28,38.13,57.78,6.67
Israel,2005,8.63,37.54,58.37,6.89
Israel,2006,8.33,36.94,57.96,6.64
Israel,2007,8.33,36.29,56.4,6.28
Israel,2008,8.36,35.64,53.71,6.6
Israel,2009,8.48,35.43,52.14,7.0
Israel,2010,8.67,35.19,51.76,7.8
Israel,2011,7.84,35.18,52.83,7.75
Israel,2012,7.05,35.08,53.13,7.84
Israel,2013,6.98,34.87,53.79,7.59
Israel,2014,8.02,34.67,54.03,7.39
Israel,2015,8.31,34.62,54.47,7.81
Israel,2016,8.06,34.63,55.81,7.56
Israel,2017,7.28,34.78,57.0,8.01
Italy,2013,7.82,39.04,53.36,11.38
Italy,2014,7.88,39.05,55.68,11.63
Italy,2015,7.86,38.48,57.15,11.55
Italy,2016,8.01,39.5,58.36,11.55
Italy,2017,8.17,39.81,60.61,11.69
Italy,2018,8.24,39.77,57.4,10.95
Jamaica,2008,0.17,3.97,10.53,0.35
Jamaica,2012,0.12,3.54,15.12,0.25
Jamaica,2013,0.12,4.68,14.35,0.26
Jamaica,2014,0.13,3.8,14.27,0.25
Jamaica,2015,0.13,4.15,14.51,0.28
Jamaica,2016,0.16,4.55,16.07,0.22
Japan,2006,7.37,20.75,92.82,13.57
Japan,2008,7.52,21.39,97.39,14.47
Japan,2010,7.68,22.06,102.7,15.37
Japan,2012,7.76,22.74,106.9,16.02
Japan,2014,7.88,23.41,115.1,16.86
Japan,2016,7.95,24.12,119.5,18.02
Jordan,1998,5.06,9.89,28.1,7.28
Jordan,1999,5.39,19.25,29.17,7.6
Jordan,2000,5.63,18.69,30.39,8.45
Jordan,2001,5.5,20.37,30.5,9.56
Jordan,2002,4.48,22.03,28.22,11.22
Jordan,2003,6.39,22.77,29.79,11.65
Jordan,2005,7.27,22.39,30.23,12.31
Jordan,2006,7.67,22.91,33.07,11.22
Jordan,2007,7.82,24.43,30.18,12.93
Jordan,2008,7.77,22.23,29.57,11.77
Jordan,2009,6.36,21.29,34.99,12.2
Jordan,2010,7.84,22.33,35.34,12.6
Jordan,2013,7.99,21.95,34.35,13.66
Jordan,2014,7.72,22.04,37.45,13.7
Jordan,2015,7.35,28.08,2.08,13.03
Jordan,2017,7.26,23.24,33.6,16.01
Kazakhstan,1990,4.23,40.45,100.5,8.9
Kazakhstan,1991,4.22,39.4,109.7,8.99
Kazakhstan,1992,4.37,40.67,108.4,8.95
Kazakhstan,1993,4.53,39.84,103.3,7.85
Kazakhstan,1994,4.24,38.01,97.53,6.93
Kazakhstan,1995,4.24,37.96,94.37,0.73
Kazakhstan,1996,3.86,37.07,86.2,1.39
Kazakhstan,1997,2.74,33.75,74.61,2.51
Kazakhstan,1998,2.5,35.01,69.99,2.71
Kazakhstan,1999,3.95,33.66,66.29,2.4
Kazakhstan,2000,2.65,32.8,61.74,3.05
Kazakhstan,2001,2.91,34.4,64.54,3.16
Kazakhstan,2002,3.34,35.83,66.46,4.32
Kazakhstan,2003,3.45,36.17,66.75,6.88
Kazakhstan,2004,3.56,35.91,67.8,7.6
Kazakhstan,2005,3.39,36.04,68.81,10.15
Kazakhstan,2006,3.61,36.98,72.73,9.03
Kazakhstan,2007,3.64,36.55,73.84,8.06
Kazakhstan,2008,3.55,37.16,71.01,8.12
Kazakhstan,2009,3.55,37.81,76.33,7.62
Kazakhstan,2010,4.1,39.28,77.22,6.93
Kazakhstan,2011,3.96,39.48,79.2,8.01
Kazakhstan,2012,4.13,39.11,80.64,8.08
Kazakhstan,2013,3.76,39.51,80.25,8.12
Kazakhstan,2014,3.72,39.8,72.0,8.19
Kenya,2008,0.25,1.66,3.54,0.72
Kenya,2009,0.25,1.69,3.9,0.71
Kenya,2010,0.21,1.7,7.06,0.74
Kenya,2012,0.22,1.83,13.93,0.47
Kenya,2013,0.23,1.91,8.87,0.48
Kenya,2014,0.23,1.96,9.27,0.5
Kenya,2018,0.16,1.57,11.66,0.19
Kiribati,2010,0.39,3.98,39.26,0.39
Kiribati,2011,0.29,1.43,39.35,0.38
Kiribati,2013,0.65,2.04,46.43,0.28
Kuwait,2006,3.13,14.54,41.53,3.02
Kuwait,2007,3.4,18.81,43.26,2.96
Kuwait,2008,3.62,18.81,46.76,3.03
Kuwait,2009,3.74,18.93,48.05,3.15
Kuwait,2014,6.15,26.52,66.61,4.92
Kyrgyzstan,1992,2.92,34.12,103.9,2.59
Kyrgyzstan,1996,2.44,32.32,91.93,0.5
Kyrgyzstan,2000,2.28,28.04,79.54,0.29
Kyrgyzstan,2001,2.17,26.96,74.23,0.3
Kyrgyzstan,2002,2.11,25.86,70.1,0.28
Kyrgyzstan,2003,1.98,25.74,68.26,0.27
Kyrgyzstan,2004,2.1,25.61,65.98,0.26
Kyrgyzstan,2005,2.06,25.17,63.38,0.24
Kyrgyzstan,2006,1.99,24.49,60.15,0.26
Kyrgyzstan,2007,1.97,23.58,58.82,0.17
Kyrgyzstan,2008,1.91,23.53,57.05,0.24
Kyrgyzstan,2009,1.94,23.41,56.8,0.3
Kyrgyzstan,2010,1.89,23.39,56.46,0.31
Kyrgyzstan,2011,1.73,22.86,58.39,0.33
Kyrgyzstan,2012,1.73,22.62,59.34,0.5
Kyrgyzstan,2013,1.71,22.61,63.71,0.55
Kyrgyzstan,2014,1.65,22.13,59.45,0.41
Lao People's Democratic Republic,2012,0.5,1.8,8.66,1.85
Lao People's Democratic Republic,2014,0.51,4.95,12.39,1.92
Lao People's Democratic Republic,2017,0.71,3.73,12.64,2.46
Latvia,2003,5.52,34.19,48.8,5.52
Latvia,2004,6.0,35.49,50.49,5.44
Latvia,2005,6.31,29.43,51.76,5.68
Latvia,2006,6.48,30.2,58.16,6.04
Latvia,2007,6.66,31.46,57.56,5.73
Latvia,2008,6.98,32.42,57.86,6.17
Latvia,2009,7.04,31.49,50.96,6.35
Latvia,2010,7.02,30.76,51.55,6.76
Latvia,2011,6.96,30.84,50.68,6.49
Latvia,2012,6.98,30.91,49.7,6.78
Latvia,2013,7.13,31.41,50.01,7.88
Latvia,2014,6.93,31.72,49.53,7.66
Latvia,2015,7.1,31.66,48.36,7.88
Latvia,2016,7.15,31.89,48.06,8.32
Lebanon,2001,10.73,28.83,10.42,8.42
Lebanon,2007,8.81,23.46,14.54,9.79
Lebanon,2010,10.89,23.39,17.75,11.12
Lebanon,2013,8.91,22.49,15.31,11.84
Lebanon,2014,8.74,20.74,16.69,11.81
Lebanon,2015,8.46,21.03,15.42,11.62
Lebanon,2016,9.82,20.12,15.72,11.79
Lebanon,2017,9.87,20.26,16.42,12.27
Lebanon,2018,10.21,21.04,16.74,12.93
Lesotho,2003,0.015,0.44,5.56,0.015
Liberia,2004,0.01,0.33,3.3,0.092
Liberia,2008,0.011,0.14,2.71,0.025
Liberia,2009,0.061,0.24,9.04,0.12
Liberia,2010,0.059,0.23,4.64,0.12
Libya,1997,1.35,12.45,34.74,2.39
Libya,2004,1.49,12.38,47.56,1.98
Libya,2008,3.38,18.43,55.28,3.68
Libya,2009,6.18,19.58,70.07,3.71
Libya,2014,7.2,20.58,67.93,6.17
Libya,2017,8.78,20.91,65.31,6.01
Lithuania,1994,4.98,33.22,94.84,5.2
Lithuania,1995,4.7,33.16,94.5,5.91
Lithuania,1996,4.64,33.09,94.73,5.78
Lithuania,1997,5.88,33.4,92.77,5.81
Lithuania,1998,6.26,33.14,91.87,5.83
Lithuania,1999,6.48,33.12,83.32,5.91
Lithuania,2000,6.84,32.95,80.19,5.93
Lithuania,2001,6.95,32.91,79.54,6.2
Lithuania,2002,6.49,33.07,77.9,6.11
Lithuania,2003,6.72,33.1,76.56,6.65
Lithuania,2017,9.98,48.26,79.8,9.85
Luxembourg,2005,8.08,25.99,114.8,7.12
Luxembourg,2006,8.05,26.16,114.4,7.22
Luxembourg,2007,8.13,27.23,3.45,7.2
Luxembourg,2008,8.2,27.36,3.46,7.09
Luxembourg,2009,8.22,27.17,115.0,7.23
Luxembourg,2010,8.31,27.68,113.9,7.36
Luxembourg,2011,8.4,27.61,116.1,7.2
Luxembourg,2012,8.31,28.05,122.9,7.16
Luxembourg,2013,8.48,28.33,123.2,7.04
Luxembourg,2014,8.58,28.89,123.6,6.89
Luxembourg,2015,8.93,29.22,123.3,7.01
Luxembourg,2016,9.49,29.05,121.6,7.01
Luxembourg,2017,9.82,30.09,121.7,7.03
Madagascar,2002,0.071,1.36,3.13,0.005
Madagascar,2003,0.092,1.48,3.04,0.005
Madagascar,2004,0.09,1.56,2.85,0.004
Madagascar,2005,0.11,1.8,3.5,0.004
Madagascar,2006,0.1,1.71,3.02,0.004
Madagascar,2007,0.1,1.81,2.94,0.004
Madagascar,2008,0.11,1.86,2.81,0.004
Madagascar,2009,0.087,1.81,2.43,0.003
Madagascar,2010,0.092,1.95,2.23,0.003
Madagascar,2011,0.083,1.44,2.18,0.002
Madagascar,2012,0.081,1.43,2.17,0.003
Madagascar,2013,0.048,1.53,2.98,0.007
Malawi,2008,0.13,0.19,2.84,0.21
Malawi,2018,0.017,0.36,4.39,0.056
Malaysia,2000,0.92,6.96,16.75,1.01
Malaysia,2002,0.89,7.03,17.92,1.19
Malaysia,2010,1.35,11.69,31.98,2.75
Malaysia,2011,1.48,12.78,33.88,3.01
Malaysia,2012,1.57,13.32,38.14,3.32
Malaysia,2015,3.5,15.36,33.6,3.47
Maldives,2004,0.32,9.7,28.46,7.74
Maldives,2009,1.27,14.88,52.24,5.83
Maldives,2010,0.88,14.36,51.08,6.75
Maldives,2015,1.36,28.86,65.73,4.38
Maldives,2017,1.67,37.23,64.93,4.8
Maldives,2018,2.0,45.63,64.28,3.47
Mali,2004,0.036,0.85,6.74,0.28
Mali,2009,0.027,0.92,4.44,0.082
Mali,2010,0.023,1.02,4.46,0.09
Mali,2016,0.06,1.4,4.13,0.11
Malta,2009,4.35,19.17,65.89,5.56
Malta,2010,4.44,21.53,68.5,7.27
Malta,2011,4.45,22.38,70.65,8.02
Malta,2012,4.51,23.57,70.46,10.76
Malta,2013,4.62,24.6,73.95,11.01
Malta,2014,4.67,26.59,83.75,11.46
Malta,2015,4.75,28.6,83.7,12.87
Marshall Islands,2007,1.07,5.54,33.57,1.07
Marshall Islands,2010,0.71,5.67,22.52,0.36
Marshall Islands,2012,0.71,4.23,32.98,0.71
Mauritania,2004,0.16,1.07,6.44,0.21
Mauritania,2009,0.21,1.31,6.79,0.23
Mauritania,2018,0.21,1.87,9.25,0.18
Mauritius,2004,1.37,10.72,37.87,2.35
Mauritius,2007,1.85,11.55,26.74,2.65
Mauritius,2008,1.9,11.7,27.44,2.81
Mauritius,2009,2.01,11.86,28.14,3.1
Mauritius,2010,2.08,12.02,28.85,3.21
Mauritius,2011,2.14,14.47,29.33,3.26
Mauritius,2012,2.4,13.74,29.81,3.45
Mauritius,2013,2.8,16.3,31.57,3.66
Mauritius,2014,2.91,19.32,32.81,3.93
Mauritius,2015,3.02,20.25,33.83,3.95
Mauritius,2016,3.05,21.94,32.76,4.07
Mauritius,2017,3.17,23.15,35.15,4.2
Mexico,2010,1.16,22.36,24.12,0.49
Monaco,1992,12.04,28.09,153.8,20.74
Monaco,2011,10.56,64.17,169.4,25.83
Monaco,2012,10.14,64.38,180.0,26.3
Monaco,2013,10.3,77.78,188.1,12.47
Monaco,2014,10.19,75.07,201.6,26.27
Mongolia,2002,1.29,27.55,36.12,3.69
Mongolia,2008,1.95,28.82,36.5,4.13
Mongolia,2009,1.98,26.7,36.22,4.07
Mongolia,2010,1.96,27.56,36.31,4.32
Mongolia,2011,2.35,28.67,36.61,4.64
Mongolia,2012,2.82,30.44,37.82,5.22
Montenegro,2018,0.46,27.56,52.29,1.91
Morocco,2004,1.03,5.31,8.08,2.4
Morocco,2009,0.84,6.48,9.3,2.82
Morocco,2017,1.36,7.31,13.89,2.6
Mozambique,2004,0.008,0.26,3.27,0.007
Mozambique,2009,0.023,0.46,3.95,0.022
Mozambique,2010,0.025,0.49,4.04,0.02
Mozambique,2011,0.031,0.52,3.93,0.023
Mozambique,2012,0.028,0.55,4.06,0.029
Mozambique,2013,0.053,0.57,7.46,0.04
Mozambique,2015,0.07,0.41,6.38,0.072
Mozambique,2017,0.072,0.76,6.84,0.089
Mozambique,2018,0.086,0.84,6.85,0.1
Myanmar,2017,0.81,8.64,10.05,0.39
Myanmar,2018,0.65,6.77,9.99,0.74
Namibia,2004,0.43,3.14,32.21,1.02
Namibia,2007,0.45,3.86,28.66,1.19
Namibia,2018,0.73,4.18,19.54,2.44
Nauru,2004,1.01,10.1,63.64,10.1
Nauru,2011,0.99,13.86,69.31,1.98
Nauru,2015,1.92,13.46,67.31,1.92
Nepal,2004,0.096,2.12,4.65,0.11
Nepal,2017,2.2,9.1,28.48,0.98
Nepal,2018,0.97,7.49,31.08,3.95
Netherlands,2005,4.1,27.0,83.06,1.8
Netherlands,2006,4.29,27.79,82.97,1.92
Netherlands,2007,4.44,27.72,83.82,1.94
Netherlands,2008,4.46,28.49,84.92,1.92
Netherlands,2009,4.6,29.06,1.56,1.96
Netherlands,2010,4.7,29.52,1.61,1.98
Netherlands,2011,4.91,31.24,1.65,2.07
Netherlands,2012,4.94,32.46,1.72,2.05
Netherlands,2013,4.94,33.06,1.77,2.12
Netherlands,2014,4.98,33.47,105.3,2.15
Netherlands,2015,5.15,34.92,107.5,2.13
Netherlands,2016,5.13,35.47,109.3,2.15
Netherlands,2017,5.07,36.05,111.8,2.1
New Zealand,2005,3.96,27.94,97.07,6.74
New Zealand,2006,4.08,28.4,93.88,6.69
New Zealand,2007,4.43,29.1,97.73,6.83
New Zealand,2008,4.48,29.79,102.8,6.08
New Zealand,2009,4.47,30.48,102.6,6.16
New Zealand,2010,5.85,30.66,105.8,6.29
New Zealand,2011,5.93,31.73,106.2,6.38
New Zealand,2012,5.96,31.96,104.5,6.4
New Zealand,2013,6.07,32.3,122.5,6.49
New Zealand,2014,6.1,32.37,118.2,6.55
New Zealand,2015,6.12,32.96,119.9,6.66
New Zealand,2016,6.18,33.83,121.3,6.76
New Zealand,2017,6.24,34.73,123.2,6.8
Nicaragua,2014,0.42,8.95,13.55,1.86
Niger,2004,0.011,0.23,2.15,0.015
Niger,2008,0.01,0.19,1.39,0.012
Niger,2009,0.011,0.28,2.04,0.014
Niger,2013,0.016,0.51,2.23,0.028
Niger,2014,0.011,0.27,3.07,0.007
Niger,2015,0.015,0.47,2.04,0.025
Niger,2016,0.009,0.43,2.7,0.012
Nigeria,2005,0.15,2.82,15.37,0.87
Nigeria,2006,0.16,3.48,15.03,0.88
Nigeria,2007,0.18,3.78,14.99,0.9
Nigeria,2008,0.17,3.76,14.97,0.88
Nigeria,2009,0.16,3.78,10.77,0.93
Nigeria,2018,0.22,3.81,11.79,1.26
Niue,1996,9.52,14.29,61.91,4.76
Niue,2003,11.77,23.53,100.0,5.88
Niue,2004,11.77,23.53,129.4,5.88
Niue,2006,17.65,23.53,88.24,5.88
Niue,2008,12.5,18.75,100.0,6.25
Norway,2009,8.69,24.76,164.5,6.25
Norway,2010,8.79,24.95,166.7,6.39
Norway,2011,8.85,25.44,169.5,6.46
Norway,2012,8.66,25.53,170.9,6.72
Norway,2013,8.73,25.99,172.1,6.9
Norway,2014,8.65,26.83,174.3,7.22
Norway,2015,8.53,26.47,178.6,7.43
Norway,2016,8.62,26.98,179.9,7.81
Norway,2017,8.67,28.34,181.6,8.01
Norway,2018,8.72,29.16,182.2,8.29
Oman,1990,0.46,7.95,22.88,1.36
Oman,1995,0.65,11.24,27.38,1.62
Oman,2000,1.16,14.37,34.52,2.18
Oman,2004,1.7,15.83,35.76,2.85
Oman,2005,1.78,16.65,36.94,3.0
Oman,2006,1.92,17.74,37.26,3.12
Oman,2007,1.97,18.47,39.12,3.45
Oman,2008,2.03,18.88,40.83,3.46
Oman,2009,2.17,19.34,42.08,3.78
Oman,2010,2.15,19.27,42.3,4.11
Oman,2011,2.23,19.46,43.79,4.18
Oman,2012,2.3,20.17,44.67,4.74
Oman,2013,2.33,20.38,44.97,4.76
Oman,2014,2.56,21.48,46.67,4.9
Oman,2015,2.69,20.89,45.3,4.99
Oman,2016,2.76,19.25,44.12,5.4
Oman,2017,2.89,19.57,42.73,5.24
Oman,2018,2.98,20.03,41.97,5.57
Pakistan,2004,0.41,7.42,4.58,0.52
Pakistan,2012,0.68,8.59,4.39,1.33
Pakistan,2017,0.98,10.01,5.99,1.61
Pakistan,2018,0.96,9.8,6.68,1.58
Papua New Guinea,2018,0.17,0.7,4.55,0.13
Paraguay,2002,4.39,11.49,18.55,1.53
Paraguay,2018,1.62,13.54,16.6,0.32
Peru,2007,5.41,16.65,35.87,2.88
Peru,2009,1.24,9.47,13.08,0.63
Peru,2012,1.52,11.41,15.26,0.52
Philippines,2002,5.31,11.11,42.68,5.7
Philippines,2004,5.42,11.08,42.39,5.86
Philippines,2017,2.43,6.0,52.74,3.31
Poland,1990,4.8,21.51,61.06,3.98
Poland,1991,4.61,21.78,59.81,4.23
Poland,1992,4.35,21.92,59.5,4.28
Poland,1993,4.43,22.29,59.44,4.59
Poland,1994,4.56,22.85,60.66,4.88
Poland,1995,4.63,23.25,61.38,5.06
Poland,1996,4.64,23.59,62.31,5.23
Poland,1997,4.57,23.64,62.79,5.36
Poland,1998,4.49,23.36,61.6,5.25
Poland,1999,3.44,22.69,57.0,5.67
Poland,2000,3.05,22.05,54.89,5.75
Poland,2001,2.63,22.5,54.07,6.17
Poland,2002,2.8,22.88,53.95,6.35
Poland,2003,2.89,24.19,52.66,6.61
Poland,2004,3.68,22.77,54.76,5.82
Poland,2005,3.19,21.27,56.09,5.76
Poland,2006,3.28,21.67,56.13,5.88
Poland,2007,3.48,21.78,57.18,6.03
Poland,2008,3.4,21.48,57.4,6.14
Poland,2009,3.17,21.59,58.06,6.32
Poland,2010,3.27,21.71,58.28,6.58
Poland,2011,3.4,22.0,58.39,6.87
Poland,2013,3.23,22.34,58.55,7.19
Poland,2014,3.44,23.02,58.17,7.28
Poland,2015,3.31,23.25,57.8,7.39
Poland,2016,3.5,24.15,57.58,7.7
Poland,2017,3.51,23.79,57.03,7.73
Portugal,2002,3.98,33.0,40.25,4.5
Portugal,2003,4.22,33.5,42.04,4.91
Portugal,2004,4.5,34.21,43.73,5.21
Portugal,2005,4.81,35.0,45.83,5.46
Portugal,2006,5.37,35.65,48.33,5.65
Portugal,2007,5.32,36.48,51.15,5.95
Portugal,2008,5.69,37.41,53.52,6.54
Portugal,2009,6.23,38.48,56.21,7.04
Portugal,2010,7.65,39.76,58.92,7.24
Portugal,2011,7.67,41.18,61.0,7.5
Portugal,2012,8.04,42.36,62.13,7.36
Portugal,2013,8.47,43.93,62.84,7.7
Portugal,2014,8.76,45.57,63.68,8.04
Portugal,2015,9.13,47.49,65.32,8.4
Portugal,2016,9.56,49.4,66.62,8.51
Portugal,2017,10.12,51.24,69.75,9.08
Qatar,2005,7.97,24.84,56.39,12.71
Qatar,2006,4.75,22.62,60.48,10.33
Qatar,2014,6.76,17.35,56.0,8.69
Qatar,2016,8.12,26.94,63.92,10.39
Qatar,2018,6.26,24.85,72.63,8.89
Republic of Korea,2005,3.65,17.53,38.31,6.28
Republic of Korea,2006,3.79,18.05,39.7,6.39
Republic of Korea,2007,3.89,18.66,41.36,6.38
Republic of Korea,2008,4.02,18.41,43.39,6.43
Republic of Korea,2009,4.14,19.19,44.78,6.48
Republic of Korea,2010,4.23,19.84,46.39,6.49
Republic of Korea,2011,4.3,20.36,47.46,6.76
Republic of Korea,2012,4.37,20.8,48.62,6.5
Republic of Korea,2013,4.47,21.63,52.26,6.46
Republic of Korea,2014,4.54,22.07,56.1,6.45
Republic of Korea,2015,4.63,22.49,59.84,6.53
Republic of Korea,2016,4.74,23.04,70.22,6.66
Republic of Korea,2017,4.95,23.61,71.2,7.24
Republic of Moldova,1990,4.47,35.47,110.7,7.74
Republic of Moldova,1991,4.34,34.72,112.1,7.61
Republic of Moldova,1992,4.38,34.89,111.7,7.11
Republic of Moldova,1993,4.34,35.37,111.9,6.99
Republic of Moldova,1994,4.42,35.56,109.5,6.73
Republic of Moldova,2000,3.17,24.55,56.65,3.14
Republic of Moldova,2001,3.11,22.93,55.35,3.33
Republic of Moldova,2002,3.26,23.1,55.41,3.2
Republic of Moldova,2003,3.29,22.82,53.86,3.07
Republic of Moldova,2004,3.36,21.81,51.82,3.89
Republic of Moldova,2005,3.49,23.78,56.48,3.97
Republic of Moldova,2006,3.56,23.77,56.16,3.86
Republic of Moldova,2007,3.72,23.87,56.47,4.03
Republic of Moldova,2008,3.86,23.55,56.21,4.33
Republic of Moldova,2009,3.89,23.91,56.26,4.33
Republic of Moldova,2010,4.02,23.81,56.48,4.35
Republic of Moldova,2011,4.1,24.14,56.45,4.59
Republic of Moldova,2013,4.3,25.03,54.87,4.67
Republic of Moldova,2017,4.22,32.07,49.24,4.05
Romania,2000,3.6,19.53,53.72,3.17
Romania,2001,3.73,19.82,54.56,3.22
Romania,2002,3.82,20.96,56.47,3.24
Romania,2004,4.39,22.31,56.24,3.96
Romania,2005,4.77,22.13,57.61,4.32
Romania,2006,4.99,22.1,59.6,4.67
Romania,2007,5.52,22.92,60.28,5.22
Romania,2008,5.69,24.13,59.53,5.56
Romania,2009,6.03,24.41,61.27,5.76
Romania,2010,6.33,24.8,57.11,6.61
Romania,2011,6.55,25.15,58.09,7.13
Romania,2012,6.81,25.89,59.37,7.59
Romania,2013,7.08,26.24,61.35,8.06
Romania,2016,8.07,22.57,60.92,9.29
Romania,2017,7.96,29.81,73.89,9.07
Russian Federation,2000,2.97,23.23,5.04,0.58
Russian Federation,2001,2.96,22.96,4.65,0.57
Russian Federation,2002,2.98,23.19,4.65,0.6
Russian Federation,2003,2.95,23.16,4.66,0.65
Russian Federation,2004,2.95,23.1,4.6,0.65
Russian Federation,2005,2.9,23.2,77.33,0.66
Russian Federation,2006,2.91,23.72,78.56,0.64
Russian Federation,2007,2.89,23.84,78.49,0.62
Russian Federation,2008,2.9,23.81,76.95,0.64
Russian Federation,2009,2.87,23.92,77.28,0.65
Russian Federation,2010,2.89,23.93,76.71,0.58
Russian Federation,2012,2.93,41.3,41.44,0.53
Russian Federation,2013,2.89,40.71,42.55,0.53
Russian Federation,2014,2.84,40.11,45.33,0.49
Rwanda,2015,0.11,1.13,9.88,0.1
Rwanda,2017,0.2,1.37,11.23,0.73
Rwanda,2018,0.19,1.34,12.04,0.72
Saint Lucia,2017,1.71,6.41,31.55,4.37
Saint Vincent and the Grenadines,2001,1.95,5.75,44.12,2.13
Saint Vincent and the Grenadines,2004,1.2,9.31,46.45,3.32
Samoa,2003,0.56,2.82,17.47,1.13
Samoa,2008,0.93,4.64,18.99,0.87
San Marino,2014,6.69,61.09,82.07,6.69
Saudi Arabia,2014,3.98,25.65,52.01,7.0
Saudi Arabia,2016,4.38,23.78,56.71,7.86
Saudi Arabia,2017,4.21,25.37,54.63,7.59
Saudi Arabia,2018,4.97,26.12,54.76,8.64
Senegal,2004,0.065,0.55,3.04,0.058
Senegal,2008,0.087,0.62,4.38,0.089
Senegal,2013,0.039,3.18,17.05,0.59
Senegal,2016,0.081,0.71,3.0,0.11
Senegal,2017,0.078,0.69,3.13,0.11
Seychelles,2004,1.49,13.84,72.54,0.57
Seychelles,2005,1.13,11.73,43.97,0.79
Seychelles,2006,1.68,8.38,46.26,0.45
Seychelles,2007,1.78,10.1,45.62,0.44
Seychelles,2008,1.33,7.74,44.97,0.44
Seychelles,2010,2.08,10.95,45.13,0.44
Seychelles,2012,1.51,10.04,45.25,0.43
Seychelles,2016,3.55,21.21,80.77,4.7
Sierra Leone,2004,0.009,0.31,4.62,0.16
Sierra Leone,2008,0.01,0.16,1.62,0.028
Sierra Leone,2010,0.009,0.21,2.87,0.051
Singapore,1999,2.38,13.47,40.32,2.64
Singapore,2001,2.67,14.1,42.67,2.8
Singapore,2004,2.94,15.54,46.27,3.08
Singapore,2005,2.99,15.82,47.28,3.12
Singapore,2006,3.01,15.74,47.54,3.23
Singapore,2007,2.96,16.13,48.78,3.24
Singapore,2008,2.96,16.42,50.69,3.24
Singapore,2009,2.95,16.76,53.94,3.34
Singapore,2010,3.06,17.19,57.18,3.54
Singapore,2011,2.81,17.23,51.22,3.82
Singapore,2012,2.93,17.96,54.78,3.69
Singapore,2013,3.31,18.96,55.73,4.01
Singapore,2016,3.89,22.94,61.68,5.09
Slovakia,2000,4.42,33.48,74.23,3.65
Slovakia,2001,4.39,33.37,72.36,4.23
Slovakia,2002,4.33,33.12,71.02,4.53
Slovakia,2003,4.33,32.71,67.72,4.7
Slovakia,2004,4.33,33.06,66.2,4.9
Slovenia,1998,5.89,21.81,15.35,3.39
Slovenia,2000,5.83,21.53,68.59,3.76
Slovenia,2001,5.93,21.76,71.42,3.84
Slovenia,2002,6.03,22.34,71.86,3.92
Slovenia,2003,6.05,22.56,73.97,4.07
Slovenia,2004,5.99,23.06,74.47,4.21
Slovenia,2005,6.01,23.52,75.27,4.46
Slovenia,2006,6.0,23.67,76.51,4.7
Slovenia,2007,6.13,23.93,77.83,4.85
Slovenia,2008,6.01,23.99,79.14,4.81
Slovenia,2009,6.08,24.17,80.93,5.24
Slovenia,2010,6.16,24.37,82.57,5.39
Slovenia,2011,6.24,24.97,83.92,5.51
Slovenia,2012,6.3,25.41,82.18,5.63
Slovenia,2013,6.48,26.25,83.65,5.76
Slovenia,2014,6.6,27.63,86.05,6.02
Slovenia,2015,6.72,28.15,88.24,6.25
Slovenia,2016,6.85,30.01,96.97,6.54
Slovenia,2017,7.01,30.86,99.75,6.85
Solomon Islands,1999,0.65,1.35,8.99,0.7
Solomon Islands,2005,1.11,1.89,14.77,1.13
Solomon Islands,2011,0.67,2.01,17.86,0.81
Solomon Islands,2012,0.4,1.55,17.37,1.1
Solomon Islands,2013,0.47,1.87,19.94,1.31
South Africa,2004,1.18,7.37,39.01,2.35
South Africa,2011,1.04,7.18,10.66,2.46
South Africa,2014,1.07,7.54,12.26,2.75
South Africa,2015,1.08,7.81,12.69,2.85
South Africa,2016,1.13,8.0,13.32,2.72
Spain,1996,3.73,27.46,32.57,5.85
Spain,1997,3.82,28.69,33.45,6.06
Spain,1998,4.01,29.24,33.24,5.72
Spain,1999,4.18,30.45,33.69,6.34
Spain,2000,4.3,31.16,35.17,7.14
Spain,2001,4.48,31.0,38.31,7.75
Spain,2002,4.6,30.93,40.28,7.74
Spain,2003,4.7,31.93,42.45,7.57
Spain,2004,4.86,34.14,42.63,8.01
Spain,2005,5.03,27.61,43.25,8.5
Spain,2006,5.21,28.21,44.24,9.16
Spain,2007,5.4,28.75,45.84,9.48
Spain,2008,5.58,29.85,48.1,9.92
Spain,2009,5.74,30.4,49.31,9.34
Spain,2010,5.93,30.29,51.11,9.16
Spain,2011,6.17,30.47,51.82,9.3
Spain,2012,6.63,31.4,52.12,10.45
Spain,2013,6.91,31.43,51.09,11.1
Spain,2014,7.12,31.66,51.16,11.67
Spain,2015,7.42,32.17,52.61,11.87
Spain,2016,7.66,38.11,54.97,12.04
Spain,2017,7.87,38.72,57.3,11.55
Sri Lanka,1993,0.22,2.07,10.3,0.32
Sri Lanka,2004,0.4,5.41,17.14,0.47
Sri Lanka,2007,0.66,5.56,20.5,0.45
Sri Lanka,2011,0.56,7.39,18.23,0.66
Sri Lanka,2012,0.6,7.65,18.33,0.67
Sri Lanka,2013,0.62,7.98,18.4,0.65
Sri Lanka,2014,0.65,8.36,19.13,0.71
Sri Lanka,2015,0.65,8.62,19.61,0.72
Sri Lanka,2016,0.69,8.93,19.48,0.74
Sri Lanka,2017,0.7,9.28,19.97,0.77
Sri Lanka,2018,0.65,10.04,21.8,0.82
Sudan,2015,2.09,4.07,8.25,4.37
Sudan (until 2011),2004,0.23,2.5,10.42,0.44
Sudan (until 2011),2006,0.3,3.5,10.53,0.48
Sudan (until 2011),2007,0.23,3.5,10.04,0.12
Sudan (until 2011),2008,0.23,3.27,9.81,0.12
Suriname,2009,0.48,7.05,30.63,0.59
Sweden,1995,8.54,28.47,101.1,6.73
Sweden,1996,8.3,28.72,101.0,6.81
Sweden,1997,8.06,28.87,100.2,6.81
Sweden,1998,8.07,29.57,102.3,6.73
Sweden,1999,8.06,30.05,103.7,6.6
Sweden,2000,7.97,30.73,104.5,7.25
Sweden,2001,8.02,31.77,106.2,7.34
Sweden,2002,8.09,32.8,108.5,7.38
Sweden,2003,8.06,33.51,109.7,7.43
Sweden,2004,8.18,34.38,112.0,7.58
Sweden,2005,8.11,35.11,113.8,7.6
Sweden,2006,8.15,35.96,115.2,7.61
Sweden,2007,8.12,36.76,116.3,7.74
Sweden,2008,7.97,37.35,116.6,7.67
Sweden,2009,7.9,38.07,116.7,7.46
Sweden,2010,7.93,38.78,117.5,7.54
Sweden,2011,7.99,39.57,117.6,7.63
Sweden,2012,8.01,40.37,117.9,7.61
Sweden,2013,7.97,41.26,118.1,7.5
Sweden,2014,7.96,42.04,118.1,7.54
Sweden,2015,8.0,42.86,117.2,7.61
Sweden,2016,8.21,39.84,117.6,7.73
Switzerland,2000,4.86,35.3,119.4,6.23
Switzerland,2001,4.78,35.37,119.9,6.31
Switzerland,2002,4.85,35.9,124.2,6.37
Switzerland,2003,4.95,37.52,129.7,6.29
Switzerland,2004,5.02,37.88,128.4,6.09
Switzerland,2005,5.1,38.21,130.0,6.07
Switzerland,2006,5.21,38.59,133.8,6.06
Switzerland,2007,5.22,38.52,136.2,6.23
Switzerland,2008,5.23,38.3,139.2,6.32
Switzerland,2009,5.22,38.48,142.1,6.37
Switzerland,2010,5.26,38.17,149.6,6.37
Switzerland,2011,5.21,38.36,154.7,6.65
Switzerland,2012,5.22,39.1,158.6,6.65
Switzerland,2013,5.19,40.3,161.8,6.44
Switzerland,2014,5.09,41.17,164.2,6.45
Switzerland,2015,5.06,41.9,168.6,6.44
Switzerland,2016,5.03,42.47,173.3,7.0
Syrian Arab Republic,1997,6.43,12.97,22.25,4.77
Syrian Arab Republic,1998,6.71,13.39,23.19,5.09
Syrian Arab Republic,1999,6.68,13.36,19.05,5.11
Syrian Arab Republic,2000,6.8,13.65,19.54,5.4
Syrian Arab Republic,2002,8.55,14.68,19.61,5.89
Syrian Arab Republic,2003,8.57,14.05,18.51,6.21
Syrian Arab Republic,2004,8.59,14.52,19.13,7.14
Syrian Arab Republic,2005,8.56,15.38,18.85,7.2
Syrian Arab Republic,2007,7.44,14.88,18.9,6.54
Syrian Arab Republic,2008,7.83,14.86,18.42,8.02
Syrian Arab Republic,2009,7.45,14.11,18.43,8.09
Syrian Arab Republic,2010,7.48,14.6,18.75,7.75
Syrian Arab Republic,2014,8.86,15.51,23.09,14.81
Syrian Arab Republic,2016,7.18,12.87,15.41,10.66
Tajikistan,1990,1.5,25.6,59.9,1.19
Tajikistan,1991,1.42,26.22,62.18,1.28
Tajikistan,1992,1.59,23.76,59.0,1.16
Tajikistan,1993,1.67,21.69,57.87,0.41
Tajikistan,1994,1.63,22.25,55.25,0.35
Tajikistan,1995,1.66,21.0,50.17,0.76
Tajikistan,1996,1.64,20.45,49.49,1.37
Tajikistan,1997,1.61,19.83,48.68,1.28
Tajikistan,1998,1.89,20.82,44.51,1.23
Tajikistan,1999,1.46,21.19,43.61,1.2
Tajikistan,2000,1.48,21.72,41.82,1.09
Tajikistan,2001,1.46,21.24,38.95,1.08
Tajikistan,2002,1.49,20.41,38.6,1.06
Tajikistan,2003,1.42,19.4,35.65,1.04
Thailand,1991,0.42,2.24,7.11,0.76
Thailand,1993,0.48,2.34,8.0,0.81
Thailand,1995,0.49,2.39,9.13,0.99
Thailand,1997,0.56,2.72,9.26,0.98
Thailand,1998,0.64,2.92,10.35,0.96
Thailand,1999,0.65,2.91,10.92,0.97
Thailand,2001,0.68,2.98,12.28,1.08
Thailand,2002,0.7,2.96,13.22,1.15
Thailand,2004,0.64,2.91,14.88,1.14
Thailand,2006,1.34,2.88,15.45,1.21
Thailand,2007,1.41,2.96,15.28,1.2
Thailand,2008,1.45,3.16,15.84,1.29
Thailand,2009,1.48,3.39,16.42,1.26
Thailand,2010,1.76,3.91,20.64,1.3
Thailand,2016,1.62,4.45,27.72,5.19
Thailand,2017,1.67,8.08,29.57,4.18
Thailand,2018,2.32,8.05,27.59,5.53
Timor-Leste,2014,0.15,6.82,14.03,0.068
Timor-Leste,2015,0.15,6.95,14.82,0.084
Timor-Leste,2017,0.68,7.5,17.41,2.04
Timor-Leste,2018,0.063,7.22,16.68,1.89
Togo,2004,0.033,0.45,3.54,0.09
Togo,2007,0.025,0.49,4.18,0.019
Togo,2008,0.025,0.57,2.99,0.018
Togo,2015,0.025,0.49,3.02,0.023
Togo,2017,0.074,0.3,4.2,0.28
Togo,2018,0.008,0.77,4.1,0.27
Tonga,2001,3.35,3.55,34.62,1.73
Tonga,2009,1.06,5.97,36.38,0.39
Tonga,2010,0.96,5.58,38.46,0.39
Tonga,2013,1.18,5.4,40.08,0.39
Trinidad and Tobago,1995,1.07,9.43,29.8,4.26
Trinidad and Tobago,1996,1.12,7.61,22.67,4.09
Trinidad and Tobago,1997,1.27,7.53,22.95,4.11
Trinidad and Tobago,1998,1.5,9.39,27.27,4.2
Trinidad and Tobago,1999,1.5,9.27,28.87,3.96
Trinidad and Tobago,2000,1.56,10.06,25.99,4.34
Trinidad and Tobago,2001,1.71,9.7,27.78,3.98
Trinidad and Tobago,2002,1.72,8.25,29.87,3.92
Trinidad and Tobago,2003,1.94,8.09,31.01,4.09
Trinidad and Tobago,2006,2.18,12.22,35.54,4.34
Trinidad and Tobago,2007,2.25,11.79,35.74,4.9
Trinidad and Tobago,2009,2.36,15.08,34.72,4.82
Trinidad and Tobago,2010,2.58,18.09,29.4,4.83
Trinidad and Tobago,2011,2.57,18.19,32.77,4.87
Trinidad and Tobago,2017,3.57,33.65,56.44,6.71
Trinidad and Tobago,2018,3.55,41.68,40.93,6.64
Tunisia,2004,2.1,13.3,28.47,2.77
Tunisia,2010,2.94,12.22,22.41,3.04
Tunisia,2015,3.13,13.11,26.7,2.32
Tunisia,2016,3.06,12.83,26.58,2.29
Turkey,2000,2.52,13.48,6.58,3.47
Turkey,2001,2.5,13.99,17.81,3.45
Turkey,2002,2.51,14.11,17.48,3.42
Turkey,2003,2.69,14.29,17.57,3.39
Turkey,2004,2.67,14.49,17.76,3.37
Turkey,2005,2.67,14.85,17.93,3.35
Turkey,2006,2.67,15.2,18.49,3.37
Turkey,2007,2.77,15.58,20.38,3.45
Turkey,2008,2.83,16.07,20.96,3.52
Turkey,2009,2.89,16.64,21.67,3.53
Turkey,2010,2.96,17.07,22.83,3.67
Turkey,2011,2.87,17.16,24.09,3.55
Turkey,2012,2.87,17.38,25.23,3.56
Turkey,2013,2.94,17.62,25.42,3.56
Turkey,2014,2.98,17.56,25.28,3.52
Turkey,2015,3.16,17.99,26.22,3.51
Turkey,2016,3.34,18.14,25.73,3.49
Turkey,2017,3.44,18.49,27.11,3.52
Turkmenistan,2000,2.41,27.48,80.12,3.25
Turkmenistan,2001,2.3,27.68,79.65,3.12
Turkmenistan,2002,2.16,70.95,67.83,2.69
Turkmenistan,2003,2.11,26.65,72.11,2.66
Turkmenistan,2004,1.64,26.13,52.33,2.1
Turkmenistan,2005,1.59,25.04,49.47,2.07
Turkmenistan,2006,1.46,23.92,47.87,1.93
Turkmenistan,2007,1.44,23.41,46.03,1.99
Turkmenistan,2008,1.41,23.03,45.41,1.97
Turkmenistan,2009,1.4,22.91,45.03,1.9
Turkmenistan,2010,1.15,22.74,45.14,1.82
Turkmenistan,2011,1.17,22.84,45.14,1.71
Turkmenistan,2012,1.17,22.38,44.96,1.69
Turkmenistan,2013,1.14,22.13,44.45,1.69
Turkmenistan,2014,1.15,22.25,44.27,1.69
Uganda,2004,0.044,0.82,7.07,0.08
Uganda,2005,0.035,1.21,13.59,0.059
Uganda,2015,0.072,0.95,15.57,0.012
Ukraine,2000,4.58,30.3,65.95,0.3
Ukraine,2001,4.54,30.28,65.73,0.28
Ukraine,2002,4.57,30.19,65.59,0.26
Ukraine,2003,4.59,30.1,65.8,0.26
Ukraine,2004,4.59,30.16,66.01,0.24
Ukraine,2005,4.63,30.18,66.41,0.25
Ukraine,2006,4.6,30.84,66.5,0.25
Ukraine,2007,4.61,30.89,66.47,0.25
Ukraine,2008,4.6,31.18,66.08,0.26
Ukraine,2009,6.46,34.9,75.44,0.38
Ukraine,2010,6.58,34.83,74.72,0.4
Ukraine,2011,6.63,34.84,74.71,0.38
Ukraine,2012,6.75,34.91,75.13,0.39
Ukraine,2013,6.83,34.97,75.7,0.41
Ukraine,2014,5.98,29.92,66.61,0.34
United Arab Emirates,2000,2.56,18.02,34.01,4.37
United Arab Emirates,2001,3.16,19.83,37.18,4.58
United Arab Emirates,2002,3.31,20.03,37.98,4.64
United Arab Emirates,2003,3.43,20.76,39.55,4.92
United Arab Emirates,2004,3.65,19.18,33.52,4.93
United Arab Emirates,2005,3.08,15.19,30.0,6.08
United Arab Emirates,2006,2.56,13.3,28.0,6.87
United Arab Emirates,2007,3.11,14.05,29.8,5.47
United Arab Emirates,2008,3.0,16.41,28.18,4.37
United Arab Emirates,2009,3.63,15.18,29.24,6.55
United Arab Emirates,2010,3.6,14.2,26.53,1.79
United Arab Emirates,2011,3.35,14.37,28.56,0.56
United Arab Emirates,2012,3.44,14.77,30.1,1.93
United Arab Emirates,2013,3.46,17.41,33.4,4.11
United Arab Emirates,2014,4.35,19.95,39.59,6.09
United Arab Emirates,2015,5.31,22.11,49.83,5.67
United Arab Emirates,2016,5.52,23.71,55.31,7.34
United Arab Emirates,2017,5.91,24.36,56.83,8.36
United Arab Emirates,2018,6.51,25.28,57.27,8.79
United Kingdom of Great Britain and Northern Ireland,2007,4.79,24.84,91.13,6.21
United Kingdom of Great Britain and Northern Ireland,2008,4.93,25.54,91.01,6.26
United Kingdom of Great Britain and Northern Ireland,2009,5.0,26.28,89.04,6.31
United Kingdom of Great Britain and Northern Ireland,2010,5.09,26.27,87.89,6.4
United Kingdom of Great Britain and Northern Ireland,2011,5.19,26.6,85.76,7.5
United Kingdom of Great Britain and Northern Ireland,2012,5.16,26.67,83.15,7.71
United Kingdom of Great Britain and Northern Ireland,2013,5.18,26.77,83.13,7.9
United Kingdom of Great Britain and Northern Ireland,2014,5.25,27.15,83.16,8.14
United Kingdom of Great Britain and Northern Ireland,2015,5.26,27.47,82.94,8.26
United Kingdom of Great Britain and Northern Ireland,2016,5.26,27.56,82.75,8.53
United Kingdom of Great Britain and Northern Ireland,2017,5.21,27.86,82.25,8.74
United Kingdom of Great Britain and Northern Ireland,2018,5.21,28.12,81.72,8.89
United Republic of Tanzania,2002,0.042,0.23,3.76,0.031
United Republic of Tanzania,2012,0.021,0.32,4.42,0.072
United Republic of Tanzania,2014,0.021,0.6,4.31,0.14
United States of America,2010,5.78,24.35,125.9,9.25
Uzbekistan,1998,2.44,30.75,109.2,0.31
Uzbekistan,2000,2.06,29.63,109.0,0.27
Uzbekistan,2001,2.1,29.09,108.8,0.27
Uzbekistan,2002,2.11,28.46,108.4,0.3
Uzbekistan,2003,2.09,27.82,107.8,0.3
Uzbekistan,2004,2.02,27.21,106.9,0.3
Uzbekistan,2005,1.97,26.7,109.8,0.31
Uzbekistan,2006,1.79,26.52,107.9,0.27
Uzbekistan,2007,1.75,26.33,108.7,0.33
Uzbekistan,2008,1.63,26.05,111.3,0.34
Uzbekistan,2009,1.59,25.71,111.7,0.35
Uzbekistan,2010,1.65,25.43,113.8,0.38
Uzbekistan,2011,1.68,25.04,114.2,0.37
Uzbekistan,2012,1.6,24.45,114.0,0.38
Uzbekistan,2013,1.59,24.04,115.6,0.38
Uzbekistan,2014,1.49,23.74,112.8,0.41
Vanuatu,2008,0.13,1.16,16.91,0.089
Vanuatu,2012,0.68,1.84,18.4,1.16
Yemen,1997,0.16,2.39,4.15,0.37
Yemen,2004,0.25,3.45,7.04,0.47
Yemen,2014,0.21,5.25,8.79,1.05
Zambia,2009,0.18,0.61,7.19,0.23
Zambia,2010,0.18,0.61,7.3,0.23
Zambia,2016,0.19,1.63,2.04,0.71
Zambia,2018,0.012,11.87,13.38,0.44
Zimbabwe,1990,0.13,1.27,14.54,0.33
Zimbabwe,1995,0.13,1.43,15.27,0.44
Zimbabwe,2009,0.15,1.21,9.49,0.54
Zimbabwe,2010,0.035,1.27,8.29,0.043
Zimbabwe,2012,0.18,0.81,11.85,0.29
Zimbabwe,2013,0.18,0.83,14.02,0.3
Zimbabwe,2014,0.079,1.24,15.37,0.14
Zimbabwe,2015,0.048,1.82,13.83,0.1
Zimbabwe,2016,0.097,1.79,14.0,0.16
Zimbabwe,2017,0.077,1.86,25.97,0.19
Zimbabwe,2018,0.072,2.1,19.35,0.97
